[
{
"activityname" :"Play Audio",
"icon" :"img/audio.png",
"details":"audio is playing"
},
{
    "activityname" :"Video Play",
    "icon" :"img/video.png",
    "details":"video is playing"
}
,{
    "activityname" :"open the text file",
    "icon" :"img/txt.png",
     "details":"opened in the text editor"
}
,{
   "activityname" :"open the pdf file",
   "icon" :"img/pdf.png",
    "details":"opened in the pdf file"
},
{
"activityname" :"Play Audio",
"icon" :"img/audio.png",
"details":"audio is playing"
},
{
    "activityname" :"Video Play",
    "icon" :"img/video.png",
    "details":"video is playing"
}


]