 [
    {
      "coursename": "react",
      "name": "saikumar",
      "startdate": "22/11/22",
      "enddate": "22/11/23",
      "discription" :" React  is a free and open-source front-end JavaScript library[3] for building user interfaces based on UI components. "
    },
    {
      "coursename": "javascript",
      "name": "saikumar",
      "startdate": "11/8/22",
      "enddate":"22/11/23",
      "discription": "JavaScript often abbreviated JS, is a programming language that is one of the core technologies of the World Wide Web, alongside HTML and CSS."
    },
    {
        "coursename": "html5",
        "name": "saikumar",
        "startdate": "23/9/22",
        "enddate":"22/11/23",
        "discription": "HTML5 is a markup language used for structuring and presenting content on the World Wide Web."
      },  {
        "coursename":"css3",
        "name":"saikumar",
        "startdate":"11/8/22",
        "enddate":"22/11/23",
        "discription":"Cascading Style Sheets is a style sheet language used for describing the presentation of a document written in a markup language such as HTML or XML. "

      }

    
]